id,fullName
0,BRENDLE DEBORAH S
1,KUNTUPIS JOHN W
2,REED KY H
3,HICKS DUANE N
4,BARRETT ANDREA J
5,MEISTER RAYMOND
6,FLAHERTY CRAIG S
7,GARRISON ANTHONY J
8,HALL GARY A
9,KINZEL RANDALL S
10,JENKINS DAVID S
11,HAYNIE CLYDE
12,MILLER FRANK R
13,RICHARDS ADAM
14,SHELINE BRIAN J
16,BOOTH CARL R
17,CORNETT ERIC C
18,MINOTTI DENNIS E
19,BLUBAUGH DAVID A
20,CLOSE BRENT A
21,GILBERT JAMES H
22,ALLEN DAVID M
23,JOHNSON MARK J
24,ROBERTS ANTHONY C
25,BOLT JASON
26,SMITH CLINT A
27,BARROWMAN DAVID M
28,CALL CARL S
29,VOGEL JOEL S
30,TUSSING CHRISTOPHER
31,HANCOCK DEREK S
32,STRENG MATTHEW L
33,HALL FRANKLIN D
34,SCHULER ROBERT B
35,SIAS SAMUEL L
36,SMITH MARK T
37,CASUCCIO BENJAMIN
38,BELBECK GARY
39,LANG WILLIAM G
40,CAMERON GARY B
41,DIGUILIO BRIAN A
42,BANKS STEPHEN S
43,SPRAGG JIMMIE J
44,DEAN CLIFTON
45,SMITH DONALD R
46,KANE DONAVAN P
47,ROBISON MICHAEL R
48,OQUIN KENNETH R
49,MAGAW DAVID J
50,GRIZZELL RHONDA E
51,MAYBERRY RODNEY
52,LANDIS JOSEPH J
53,ANDERSON RICKY R
54,BOND CHRISTOPHER M
55,WEINER RICHARD A
56,AURENTZ MARK T
57,WHEELER NATHAN L
58,KIFER JOHN J
59,SWEET MICHAEL A
60,SANDFORD DAWN M
61,BOESPFLUG AIMEE
62,BRUCE MICHAEL J
63,MYERS DARYL L
64,FESTER MARK E
65,SEEVERS GREGG D
66,PADEN DONALD W
67,CAMP BILLIE J
68,PULVERMACHER DAVID A
69,WELCH DONNA D
70,RHODEBACK TODD S
71,MCELROY STEVE E
72,NOTTURNIANO THOMAS J
73,BOYD MICHAEL D
74,MYERS DAVID G
75,BOWMAN GARY A
76,VORE H JASON
77,HENSLEE RUSSELL G
78,JACOBS RONALD A
79,PODOLSKI JOSEPH W
80,FRONTERA MARK E
81,DUNLAP RONALD D
82,DECK LAWRENCE J
83,KISOR RALPH S
84,WEST DWAYNE R
85,KEETON GLENN R
86,MARABLE JAMES E
87,WRIGHT MARK A
88,HOYLE GREGORY L
89,PATTON JOHN W
90,CARR RICHARD
91,CONNER KEITH G
92,GRUNKEMEYER JASON E
93,MOORE RICHARD S
94,STACY THEODORE W
95,CONKEL STEPHEN T
96,PLACE NATHAN
97,DORSEY WILLIAM H
98,CURMODE JOSEPH C
99,MORGAN DAVID W
100,BOBBITT DAVID J
101,KAUFMAN WILLIAM T
102,LAZAR STEPHEN P
103,GROOMS KEVIN D
104,THISSEN ROBERT A
105,BRAY SCOTT W
106,OWENS THEODORE S
107,BEELER ANDREW J
108,GRIFFITH DAVID B
109,DORN TIMOTHY J
110,HORTON JOSEPH E
111,LONG TERRI M
112,MORRELL WADE
113,SHIMBERG DAVID L
114,BOESCH BRIAN V
115,DAVIS JOHN A
116,GAUTHNEY LAWRENCE E
117,RICHARDSON ANTHONY R
118,BRITTON BRETT R
119,REDDING STEVE R
120,RUTTER GEORGE R
121,HOGAN CHRISTOPHER M
122,ROUNTREE SCOTT T
123,AYRES JASON T
124,SANDFORD THOMAS P
125,WATSON JUDY K
126,EDWARDS ROBERT D
127,VENABLE MARILYN A
128,CAPRETTA CHRISTOPHER
129,LITTLE JONATHAN E
130,PARTON STEVEN R
131,LANCE BRIAN E
132,ROWE GLENN D
133,KUBIC JEFFREY E
134,LARES DAVID E
135,CONSTABLE ROY B
136,PAPPAS JASON D
137,RYAN MARK T
138,SORRELL WES R
139,MORROW JAMES B
140,BRAY GLENN
141,MABRY DUANE M
142,CHAPMAN JOHN C
143,CARSEY JAMES A
144,DALE KENNETH W
145,BROPHY FREDERICK A
146,DEWITT THOMAS E
147,ESKINS REXFORD M
148,DYER BRIAN C
149,READER MARK D
150,SHAW KARL D
151,PURTEE SUSAN L
152,FRANKS DEANA R
153,WILLIAMS DOUGLAS J
154,LYONS RANDALL L
155,BENHAM THOMAS R
156,FIELDS JAMES K
157,COCKERHAM DAN R
158,MEDLEY ROBIN D
159,HUGHES DAVID L
160,DAVY ASTLEY B
161,KEEFE BRIAN M
162,VORIS KEITH S
163,BRAGALONE GEORGE A
164,KAETHOW STEVEN H
165,GOLDEN FRANK L
166,KISE KEITH
167,YODER JAMES A
168,PLANICKA MICHAEL J
169,BEAVERS BRIAN J
170,DILELLO MARK C
171,SHAFER MONIQUE
172,THEADO JULIAN L
173,BRUCE BRIAN A
174,KYDE MICHAEL A
175,CONSTABLE R BRONSON
176,FERGUSON DENISE
177,WHETSTONE TIMOTHY D
178,GRAVES MICHAEL J
179,WELSH AMY B
180,BILLMAN CHRISTOPHER C
181,MCFADDEN JAMES A
182,HANNAH FREDRICK W
183,FORSYTHE ROBERT K
184,LEE TODD M
185,SIMON ANTHONY S
186,FLEMING MICHAEL D
187,MONAHAN STEVEN F
188,TUROS ALESIA J
189,JONES SUSAN N
190,ELKINS TIMOTHY W
191,KAEPPNER MARK A
192,THIVENER GLENN D
193,ELDER JASON A
194,ODOM CHRISTOPHER
195,HANSEN WILLIAM K
196,ROTH JACK E
197,JOYNER THOMAS P
198,MCWHORTER MICHAEL H
199,VENRICK DENNIS L
200,RAMEY DAVID A
201,RUBY TERESA I
202,OAKLEY AARON S
203,BERNARD GREGORY M
204,BISHOP BRIAN S
205,MAYS RICHARD L
206,WORTHINGTON ADAM S
207,DENNISON DAVID J
208,HILL STEPHEN J
209,KANE KAMRYN L
210,WILLIAMS DAVID L
211,WHITE DOUGLAS E
212,BOYLE CHRISTOPHER P
213,MARSTILLER MIKE E
214,MILNER LEONARD R
215,SAMUEL DAVID R
216,KIRBY BARRY A
217,MCCONNELL TERRY D
218,WACHALEC ROBERT J
219,STUART TERRY J
220,CRUM RICKY A
221,BIEHL ROBERT W
222,GUMAN RAYMOND L
223,KESTNER MARTIN A
224,KINDLER RICHARD
225,BERGER DAVID J
226,MCCRAY DON E
227,JUSTICE HOBERT D
228,POWELL EDWARD J
229,CRAWFORD BEN L
230,HITTIE WILLIAM R
231,WARD DUANE A
232,HUFFMAN JOEL
233,SINIFF JOYCE R
234,FELDMAN SAMUEL L
235,WILSON ALISA A
236,JARRELL RALPH D
237,BRUCE ROBERT K
238,WARRICK STEPHEN S
239,TOLBER WENDELL J
240,MISCHEL TODD A
241,MALLOY MICHAEL J
242,MCLAUGHLIN RHONDA
243,NEWSOME BRIAN K
244,ADDINGTON JACK E
245,DURANT JR FRANCIS P
246,EVERHART DUFFY S
247,MASON NEIL A
248,WATKINS DAVID H
249,BURGHART MARK A
250,HARRIS SUREETA D
251,BAKER DAVID M
252,LYLE DONALD F
253,WORKMAN GARY L
254,MOSS RONALD M
255,ABEL KEITH J
256,TRIPP JAMES M
257,JENKINS ANTONIO D
258,HILSHEIMER RICHARD A
259,DONOVAN BRIEN M
260,CHAPMAN DELBERT T
261,HALL JEFFREY J
262,CARTER BRIAN L
263,WINSHIP DANA D
264,SHAY KELLY A
265,EDEN WILLIAM L
266,WRIGHT RICHARD A
267,HUHN STACIE M
268,OBRIEN STEPHEN K
269,CUPP JERRY J
270,RICH WILLIAM TODD
271,LIFORD MATTHEW D
272,MCKEON KYLE J
273,BODELL BRET J
274,WYKE SEAN
275,HOWELL RONALD L
276,MCCOY CHARLES
277,ELIAS DICK G
278,NELSON MARK A
279,MILLER TODD J
280,BELMONTE PAMELA J
281,MORROW CHADWICK D
282,PELPHREY DAVID D
283,SEALY CHARLES K
284,KULIS CHRISTINE
285,KUBELIK CHARLES J
286,VANDERBILT PETER N
287,WINDON TIMOTHY A
288,REED RODNEY D
289,BEHNEN ALEXANDER W
290,SPRINGER MICHAEL W
291,DOHERTY WILLIAM J
292,KETCHAM RICHARD D
293,ALEXANDER RICHARD V
294,GALIFFO STEPHEN J
295,SANDFORD JAMES F
296,WOODS MICHAEL A
297,ADKINS GARY A
298,GIBBS STEPHEN R
299,WILKINSON STEVEN A
300,SPEAKS STANFORD B
301,BONN SEAN E
302,ZYWCZYK THOMAS L
303,VARNEY ROBERT W
304,MAYS JEFFREY S
305,PALMER TROY S
306,PATTS RAMONA P
307,SHAW ROTICIA R
308,EVANS JOHN E
309,LIPKER TERESA A
310,LISATH ROY J
311,DEAN CLIFTON T
312,YINGER MICHAEL W
313,HOWARD ROGER D
314,PLACE JANETTA K
315,MCCAUL GREGORY J
316,PRICE TERRIE A
317,TAYLOR GLENN L
318,KINDLER RICHARD L
319,LEFFLER GILBERT W
320,ADKINS PAUL A
321,PLANCK BRENT L
322,GRIGGS RICHARD B
323,DAHLMAN EDWARD
324,WALKER MARK E
325,JACKSON JAMES G
326,MARCUM CURTIS K
327,MCELROY JEFFREY E
328,ABDALLA JOSEPH M
329,CORBETT DEBRA A
330,JOHNSON ANTHONY M
331,YOUNG ROBERT W
332,JONES TODD
333,BARTON ADAM M
335,WARBIS JEFFREY V
336,WEISGERBER DAVID J
337,BOOTH CALVIN L
338,WOLFANGEL STEVEN W
339,BARTH KARL L
340,BURNS WALTER J
341,SPRINGER MATTHEW D
342,GANTT JOSHUA
343,HARBIN DENNIS J
344,SIMPSON JEFFRY L
345,HOAR DONALD R
346,WILKINSON DOUGLAS J
347,PAIGE THOMAS B
348,SHOCKEY JAMES G
349,BRITTON KIMBERLY A
350,DOPP MARC H
351,TIMLIN TERRANCE J
352,SICILIAN DAVID A
353,YOUNG MARK A
354,HARMON JAMES M
355,WOOD DOUGLAS A
356,SCOTT MARK S
357,MCCAGUE WILLIAM R
358,CECKITTI ROBERT L
359,SUMMERS JOHN B
360,BARROW DIANE M
361,JONES JOHN D
362,NACE STEVEN Q
363,EXLINE MICHAEL L
364,LOMBARDO THERESA
365,FOSS BRADLEY H
366,FORD LANCE M
367,SPENCER VAUGHAN J
368,BERKOWITZ JENNIFER M
369,HAYNIE CLYDE E
370,CONNOR ROBERT J
371,DAVID ERIC C
372,GASSNER KIMBERLY L
373,BOESPFLUG AIMEE A
374,BRUBAKER WILLIAM A
375,HURST BRYAN S
376,BRINTLINGER WILLIAM J
377,DICKERSON JOSEPH
378,EY RICHARD F
379,LIAISON COURT
380,RICH RANDOLPH J
381,SCANLON JAMES J
382,LEACH JULIE A
383,HAYNES RONALD E
384,PLANCK SHANA M
385,DUNGEY AMANDO M
386,CHUCALES NICHOLAS D
387,ALLEN KIMBERLY L
388,COLEMAN CARLYSLE W
389,LAGORE ROBERT A
390,MORRIS MICHELLE N
391,REESE RONALD C
392,BARTON SHAWN E
393,GUBERNATH JEFFERY L
394,ASHENHURST JAMES N
395,CHAPMAN CHRISTOPHER G
396,JUDE TENNIS D
397,GRIM CYNTHIA A
398,DAY JAMES J
399,CLINGER SCOTT B
400,COLLINS JEROME D
401,SKUNZA DANIEL N
402,EVERHART ERIC T
403,JONES DOUGLAS A
404,WALTER STEPHEN H
405,PETTENGILL HOWARD A
406,HAMILTON RAYMOND KELLY
407,TRIONFANTE DEANN M
408,BROWNING MARK M
409,BOGGS STEVEN S
410,PLANCK BRYAN L
411,CRAIG GARY L
412,POWERS CYNTHIA L
413,TILSON KEVIN R
414,HUFFMAN JOEL E
415,SEE MICHAEL A
416,SECREST MICHAEL L
417,LEROY SCOTT D
418,PHALEN JEREMY J
419,KNUDSEN MICHAEL
420,WALLACE WILLIAM M
421,DUDLEY REGINA A
422,HEAGGANS AMANDA MARLENE
423,ARNOLD JASON D
424,CASNER TROY B
425,JOHNSON JOHN B
426,OBRIEN JAMES R
427,BURGETT MICHAEL K
428,CONAWAY JESSICA S
429,BECKER MATTHEW
430,SCOTT PAULETTE Y
431,FOSTER DAVID A
432,KAISER KERRY E
433,SPARHAWK SHAWN D
434,LANGE JEFFREY E
435,PALMER LISA J
436,FRITTS WILLIAM J
437,RODGERS SARA E
438,FISKE PAUL A
439,SEAMAN PATRICK L
440,MYERS KEVIN D
441,LEWIS TIMOTHY J
442,TAYLOR TRENT M
443,CHRISTIAN JANICE L
444,DISTELHORST CHARLES D
445,SHAFFER PATRICK G
446,PEREZ DANIEL E
447,CHURCH BILLY
448,NANCE THOMAS A
449,DONOVAN JOSEPH P
450,HOUSEHOLDER DARIN C
451,POLISENO ERIC M
452,THOMAS JAMES W
453,JERVIS CHARLES M
454,KISER WILLIAM J
455,WILSON WILLIAM J
456,ORLOV BRUCE M
457,BUCK WAYNE A
458,PULS JEFFREY L
459,HOLLIS TYRONE J
460,WARD ANDREW S
461,JENNINGS JAMES L
462,AIELLO TODD J
463,BODINE KEVIN J
464,LOVE RONALD B
465,SAARI MICHAEL J
466,WILLS KENNETH W
467,COVEY CARL S
468,GREENLEE MARTINA R
469,OSTER CHERYL A
470,PATETE GUY R
471,FIHE JOSEPH A
472,FREDERICK MARCIA J
473,HARPER DANNY R
474,BROECKER JON E
475,HALEY JAMES M
476,SANSBURY TIMOTHY A
477,STOUT TIMOTHY A
478,WARNICK ROBBY L
479,RAFFERTY EDWARD D
480,SCHWOCHOW JAMES W
481,POWERS ROBERT P
482,FRANKS DARRIN L
483,HARRIS TAREY L
484,CHRYSLER RYAN A
485,WALSH JOHNATHAN L
486,MULLIN MARK A
487,BLIND BRIAN W
488,POLTA ROBERT B
489,WARD CLIFFORD L
490,STEVENS MICHAEL W
491,HARRIS MATT E
492,KNIGHT DAVID A
493,BELL LEONA F
494,STEENBURGH STEVEN W
495,THIEL BRADLEY A
496,VANCE JEFFERY A
497,WILLIAMS CHARLES J
498,YANDRICH DANIEL M
499,MILNER INEZ E
500,PRESTON STEPHEN M
501,SACKSTEDER JEFFREY L
502,SLAUGHTER BRETT
503,MACK SEAN J
504,REES CRAIG A
505,FRANCIS JAMES P
506,TOWNSLEY JR BRUCE
507,STEVENS RICHARD L
508,CAIN CHRISTOPHER J
509,SCHOTT ROBERT A
510,HELDER MARC W
511,KLETTE ANTHONY D
512,LATTA STANLEY J
513,WILSON ROBERT D
514,DURAN EUGENE A
515,BOWMAN SCOTT F
516,MILLER WALTER A
517,BALLOU JOSEPH F
518,CRINER RICHARD D
519,HARRISON MARY C
520,MORRIS DWIGHT
521,BAKER JOSEPH C
522,EDBROOKE JAMES A
523,MAINS GARY S
524,FOSTER KIM M
525,RIDDLE JOSEPH D
526,PRIBE TIMOTHY L
527,RICHARDS KEVIN L
528,CADE DONALD D
529,GORDON CHARLES E
530,SMITTLE LOWELL T
531,WILLIAMS ERIC B
532,SMART ARTHUR L
533,BRUST TY A
534,WEST MICHAEL L
535,MCDEVITT JAMES D
536,JONES ANDRE L
537,WOLFINGBARGER BEN J
538,STEWART ROBERT L
539,LAIRD ROBERT D
540,TISCHLER KENNETH M
541,FIHE ROBERT R
542,BRAY GLENN A
543,KERSHAW DARRYL L
544,ALEXANDER SCOTT T
545,JOHNSON STEVEN
546,BARR PATRICK E
547,RICHARDSON JAMES R
548,BRENNER HOWARD B
549,POOLE JAMES H
550,SHEPARD TIMOTHY D
551,HICKS MICHAEL R
552,SOVIAK JODY P
553,COOPER JOHN R
554,CIBULSKAS KERRY A
555,FASONE JAMES D
556,JOHNSON HEATH A
557,LAKE HELEN M
558,PETERSON THOMAS E
559,POLGAR SCOTT A
560,WOLFRAM GREGORY S
561,LONG JAMES V
562,ROSSER STEVEN G
563,DREISBACH GEORGE W
564,TOWNSEND JOSEPH A
565,FIDLER PAMELA A
566,SHEAFER JENNIFER M
567,MAGNUSSON JESSICA M
568,BUTCHER RODNEY J
569,CHEATHAM JOHN C
570,MANCINI JENNIFER A
571,SINIFF PAUL A
572,HARP ERIC R
573,CARRIER DORAN M
574,CORMACK HARRY E
575,NISSLEY SUZANNE M
576,JAMESON MARK E
577,JAKSE JOSEPH J
578,TRIVETTE KENNETH L
579,MANLEY MICHAEL J
580,BODKER GREGORY J
581,PAPPAS PETER A
582,MCSWEENEY MARTIN P
583,BROWN LISA J
584,MCKISSICK DARRYL K
585,GRIFFITH DAVID S
586,SWISHER LISA M
587,MCALLISTER JOSHUA N
588,WEINER KELLY N
589,COCKERHAM STEVEN T
590,LEISTER GARY P
591,PERRY ROBERT L
592,SEEVERS THOMAS V
593,SNYDER WILLIAM A
594,REASE JAMES A
595,SUMMERFIELD DAVID L
596,ARLEDGE JOHN T
597,VIAU JUSTIN P
598,KINDER RICHARD J
599,FERGUSON LARRY E
600,MILLER VINCENT A
601,CARNES MAURICE J
602,LAROCHE DAVID A
603,RICHARDSON EDDIE B
604,WILSON LARRY S
605,SHARROCK JEFFERY E
606,ROBERTS CATHLEEN J
607,CRESS TODD M
608,GARNER JASON T
609,HUGHES ARTHUR W
610,MEINHART CHARLES W
611,KELLER TIMOTHY D
612,WHITFIELD NICOLE M
613,MAYNARD DEBRA A
614,HAUENSTEIN MARK E
615,KERR KENNETH L
616,KUYKENDOLL LUELLEN
617,MAYLE GARY L
618,BARTON JEROME L
619,NOLAN RODGER JR L
620,PAPPAS PAMELA S
621,KETCHAM RICHARD JR D
622,BALMERT TIMOTHY M
623,FIX JODIE
624,TURNER RONNIE
625,MCCOSKEY JAMES R
626,DAVIDSON LEAH E
627,GENTNER KEVIN A
628,HEINZMAN ROBERT A
629,ALEXANDER THADDEUS E
630,HELWAGEN JANE M
631,LIVESAY ELIZABETH A
632,COOPER GARY D
633,FERRELL KEITH E
634,NEMCHEV CHRISTINE M
635,BELL DONAVIN L
636,MARLETTE MATTHEW J
637,SOWARDS TRACIE L
638,DAVIDSON SCOTT A
639,FAUTZ TIMOTHY T
640,PAUL MARK R
641,RAMSEY MICHAEL R
642,PAGNANELLI ANTHONY A
643,SULLIVAN GERALD T
644,SMITH MOLLY A
645,BUHACEVICH JOHN R
646,COFFMAN ROBERT P
647,COX EDWARD J
648,GROOM JOHN A
649,LOGSDON RONALD R
650,MATHIAS JEFF A
651,MCDANIEL JOHN J
652,MILLER RICHARD J
653,PETTY DOUGLAS S
654,MALONE HEIDI C
655,AGEE TODD A
656,GARRETT GEORGE P
657,EHRENBORG JEREMY D
658,KNIGHT JENNIFER L
659,RICHARDS ERIC B
660,ALTOMARE MICHAEL A
661,BARDAR ANDREW J
662,SCOTT ROY F
663,SHEEHAN JAMES W
664,SHUTTLEWORTH JEFFREY L
665,LITTLE HENRY S
666,SINIFF GLEN E
667,BOLT DANNY J
668,KANE DARREN P
669,WILSON BRIAN A
670,BAASE MATTHEW J
671,MURRAY JOSEPH S
672,JOHNSTON DALE R
673,YANKOVICH KEVIN R
674,LONGWORTH MICHAEL P
675,DOLLMATSCH JOHN D
676,PORTER PERRY W
677,SHRODES PATRICK A
678,GLOVER THOMAS E
679,WEEMS MELISSA O
680,EICKHOLT MARK A
681,DEMBINSKI JAMES R
682,MCPEEK KENNETH R
683,SHOTS DAVID J
684,BURICH CHRIS
685,BROWN ALAN
686,MARTIN JOSHUA L
687,FELZ KEVIN R
688,RATLIFF JEFFREY E
689,DENT ROBERT M
690,BURKEY JASON P
691,RUNDIO GARY M
692,SULLIVAN JOHN
693,ROBISON MICHAEL M
694,SHAW TRACI M
695,MOURNE MICHAEL J
696,WILSON WYATT T
697,MANCINI JOHN D
698,BARRETT ROBERT M
699,MIZELL ROBIN D
700,BROWN LAWRENCE T
701,PORTER JAMES S
702,MAJCHER JOHN W
703,MILLS JEFFREY N
704,SCHROEDER MARK D
705,RADICH CHARLES JR W
706,ERWIN VAN I
707,BROWN JOHN A
708,WILSON DAVID C
709,SHANER TIMOTHY P
710,SHOOPMAN JOHN P
711,WEIR SMITH
712,SMITH LISA M
713,MCINTOSH CHRISTOPHER R
714,STALNAKER RUSSELL R
715,STRATTON DAVID N
716,MOUNTS TIMOTHY G
717,MULLEN WILLIAM J
718,HOLBROOK MICHAEL P
719,GILLIS JOHN M
720,LANE DREDRICK B
721,STARNER ANDREW M
722,WAUGH TODD A
723,PERRY LISA M
724,SMALL ANTHONY W
725,SOWARDS JEFFREY L
726,WILLIAMS BRYAN L
727,KASHMIRY KAREEM
728,TRUDEAU JOHN R
729,WHITT LOWELL E
730,KNODE CHAD M
731,KENNEDY JEFFREY L
732,LITCHFIELD GILBERT
733,ROTTHOFF WILLIAM B
734,AUGUSTYNIAK ARKADIUSZ N
735,FULLEN VICTORIA S
736,MOORE RICHARD JR S
737,BELL NAPOLEON A
738,MASSIE JAMES
739,POTTER GREGORY J
740,THOMAS PHILLIP V
741,JACKSON WENDELL D
742,HARTON HERMANDO C
743,MONTONEY MATTHEW D
744,WANGLER KEVIN M
745,DENNIS AARON K
746,DOUGLAS DANIEL G
747,VAN DYKE WALTER D
748,SMITH MICHAEL D
749,SCHNEIDER FRANCIS R
750,GLASURE JULIE A
751,FULTON JAY R
752,BYRD DENNIS A
753,LEMMON RONALD A
754,BABCOCK ERIK K
755,COLLIER RICHARD B
756,SCOTT ROY JR F
757,GURECK THOMAS P
758,HUFFMAN MICHAEL A
759,PRICE PATRICIA A
760,EDWARDS ANDRE L
761,GRIFFIS KENNETH A
762,SILVA SANDRA L
763,ECHENRODE JOSEPH U
764,HOLLOWAY JOHN C
765,WHITACRE JOHN C
766,BROOKS PATRICK H
767,WALLS PHILLIP L
768,COBB BRUCE E
769,WILLIAMS CHAD T
770,LOWERY ANTHONY
771,MEYER JOHN J
772,CECUTTI WILLIAM T
773,HARGUS DANIEL J
774,SHEETS TODD A
775,COLLINS HEATHER C
776,BUCK JOCELYN S
777,ROMINE CHARLES E
778,CLARK WESLEY T
779,PRESTEL DENNIS J
780,HEDGES HEATHER C
781,STODDARD ERIK R
782,KLINE DENNIS K
783,STUBBLEFIELD ROBERT T
784,GILLILAN GABE J
785,TWITTY DELLENER M
786,THIEL JOHN E
787,STUMPH BRYON A
788,WEINER RUSSELL J
789,STASHEEN SCOTT M
790,MILLER WILLIAM E
791,JACKSON KEVIN L
792,OSBORNE PHILIP R
793,GEORGE KEVIN E
794,MONTENARO CHRISTINA M
795,FORSYTHE REBECCA
796,SKINNER JEFFREY W
797,NIGGEMEYER JAMES D
798,WEEKS JOHN A
799,BAILEY CHRISTOPHER T
800,BROWN DIRK A
801,BRANAM JAMES G
802,PARKS BENJAMIN M
803,CORMANY MARK A
804,HUHN JEFFREY W
805,WILSON ANTHONY C
806,SCOTT ANTONY T
807,BOWERS KENNETH K
808,CALLOWAY JAMES E
809,HENDERSON JENNIFER A
810,MACCABEE DONOVAN M
811,JUDE JAMES M
812,SHOCKCOR TIMOTHY M
813,FRIEND MICHAEL G
814,HOPSON TROY D
815,GIBSON KRAIG L
816,TAYLOR GARRY L
817,ONIFER SHAWN P
818,HARRINGTON PATRICK A
819,SHIVERS JAMES C
820,MORGAN KAREN
821,NEELY JEFFREY D
822,TABOR JEFFERY C
823,CECKITTI SHARON L
824,WASKO FRANK P
825,SMITH GEORGE E
826,LITTLE RICHARD D
827,WRIGHT WAYNE
828,RAMSEY AIMEE R
829,KEMMERLING RONALD L
830,GREENE CHARLES R
831,SCOTT JAMES Q
832,HETTERSCHEIDT FRANK K
833,HUNT HENRY E
834,JOHNSON MELINDA R
835,ELDER FREDERICK W
836,LEGG MELVIN
837,GORDON CHARLES R
838,THOMPSON GERRY R
839,GRIMM TIMOTHY M
840,WHITE BRADLEY T
841,WILLIAMS ANTHONY R
842,PTAK RICHARD S
843,FOUT ANNA
844,SAUNDERS DELOIS A
845,JARRELL DEBORAH J
846,BILLUPS STEVIE
847,STACK STEVEN R
848,RUSH GREGORY A
849,EVANS MICHAEL A
850,RENNIE JACKSON E
851,WINGARD BRIAN W
852,WALDEN PHILIP D
853,BOXILL CHANTAY M
854,HARRIS JOHN H
855,RUDOLPH JERRY L
856,MORRISON WILLIAM E
857,GEORGE MARK A
858,EUBANKS DAVID M
859,VANVORHIS RANDY A
860,BROWN STEVAN R
861,TOBIN PAUL C
862,SHEPHARD YAZED A
863,JACOBS RONALD ALAN
864,GALL JOHN A
865,JARDINE JAMES M
866,EGELHOFF DARREN T
867,HOOD NEIL A
868,WILSON JAMES E
869,GIBSON SCOTT P
870,PICCININNI MICHAEL J
871,MALL AARON D
872,PALSGROVE TOM R
873,HARP DAVID A
874,MATKO DENNIS M
875,RAMOS KENNETH
876,HARRINGTON DAVID M
877,HORTON-ALOMAR BARBARA M
878,HOWARD DAVID L
879,HAZLERIG SAMUEL L
880,FOSTER TONY D
881,CURRY RICHARD K
882,GEIGLE WALTER
883,ANDERSON BERNARD D
884,WILSON SHARON K
885,FISCHER JASON R
886,MCHENRY PATRICK D
887,BLUBAUGH JOHN C
888,DAUGHERTY LONNIE D
889,KECKLEY SHANE M
890,SCHULZE CLYDE M
891,SAGLE ROBERT M
892,RANDLE TOMMY L
893,VASS ROBERT C
894,QUICKERT COLLEEN M
895,SCOTT GAREY L
896,KEGLEY MICHAEL
897,MATHIAS GARY S
898,LEESBURG JEFFREY A
899,CROMWELL JEFFREY L
900,HONDROS-WALLS SARA L
901,PERRYMAN LOLITA M
902,FARR FLETCHER R
903,KEENE JOHN J
904,COLE DANIEL C
905,WOOD JASON E
906,BENHAM ROBERT E
907,ROBISON MICHAEL
908,BRICKER STEVEN A
909,RYAN PATRICIA J
910,JORDAN JEFFREY L
911,BALL JOHN
912,JACOBS THOMASINA E
913,LEE BRIAN
914,PILYA ERIC I
915,ROHALY BENJAMIN M
916,HARRELL JIMMY T
917,KINNEY CURTIS R
918,OCONNOR KEITH D
919,MOODY DAVID P
920,DRUMMOND CURTIS K
921,PETTWAY WILLIAM S
922,LANDERS WILLIAM A
923,PLATE SCOTT A
924,MCINTOSH WILLARD J
925,CLARK SHERRI J
926,GERO EDWARD W
927,AGERTER BRADLEY A
928,THOMAS BRADLEY M
929,HANSEN HAROLD S
930,SMITH MICHAEL B
931,WHITFIELD MARK A
932,MAYNARD ANNE M
933,REID BRIAN K
934,PRICE STEVE A
935,VRBANCIC TERRI L
936,MACKEY HENRY L
937,CARNEY LAURIE A
938,KLEIN KRIS E
939,BERNHARDT BELA A
940,GREEN AARON T
941,DEVICTOR BART J
942,JONES SALLY L
943,MOLEDOR ROBERT G
944,GARRETT DOUGLAS M
945,POTTS JULIE A
946,HUNT RONDA L
947,MIKESELL SCOTT R
948,EVANS RICHARD L
949,CLARK THOMAS D
950,WOOTEN ERIC S
951,WITHERSPOON JOHN T
952,ZALESKI RONALD J
953,MASSEY WENDY D
954,HALE DANIEL H
955,MCCANN MICHAEL D
956,BISUTTI LAWRENCE B
957,BANKS KIMBERLY A
958,FOSTER MELISSA M
959,BECKER TIMOTHY A
960,GARDNER MARK J
961,HICKEY TOM S
962,MATTEI WILLIAM R
963,MEADER ROBERT H
964,GLOECKNER WILLIAM H
965,CASKEY WILLIAM R
966,LANNING DONNA J
967,MODER RONAL M
968,ALLEN DEL R
969,JARRELL TERESA A
970,KAUFMAN FREDERICK L
971,JENKINS STEVEN L
972,SCALF RANDALL T
973,MEYERS PATRICIA J
974,BAHGAT KHALED S
975,CHAMBERLIN SCOTT A
976,PARSONS JAMES J
977,HOBSON PATRICIA A
978,MILLER CHARLES R
979,BRITT CHRISTOPHER J
980,BOLT JASON A
981,BECKWITH JUDITH A
982,MARTIN GREG W
983,HAWKINS JEFFREY J
984,ALEXANDER DONNA M
985,GUERRA SHELDON D
986,DILELLO AISHA N
987,KRAY MATTHEW G
988,TUCKER MICHAEL D
989,BYAS STANLEY S
990,JOHNSON ROBERT
991,SCHWENDEMAN TONY F
992,JOYCE CHARLES R
993,BUCK GREGG A
994,CORCORAN KEVIN J
995,HOFFMAN ROBERT A
996,MAGAW STEVEN T
997,MONTGOMERY TIMOTHY R
998,WILSON JOANNA M
999,JONES DANIEL R
1000,BREWER DEANNA L
1001,LOVE JAMES R
1002,BRANT CONNIE L
1003,CONLEY HAROLD O
1004,THOMAS EDWARD L
1005,BANSEK JEFFREY E
1006,TAYLOR JAMES H
1007,SUTHERLAND CHARLES M
1008,MYERS BRIAN J
1009,KINSEY STEVEN B
1010,SINGER BRENT S
1011,ROSS ANDREW
1012,DENNEWITZ CYNTHIA L
1013,CORMICAN MICHAEL J
1014,MILLER PAMELA E
1015,TUNSTALL JAMES M
1016,KIRK DANIEL J
1017,PETERS TIMOTHY F
1018,STANDLEY JOHN E
1019,SINIFF RONDA L
1020,MORRIS DAVID R
1021,MUSCARELLO MICHAEL J
1022,ORICK JERRY L
1023,MURRAY LUKE
1024,HALBAKKEN TIMOTHY L
1025,STEWART MELVIN
1026,SMITH MATTHEW M
1027,ECKHART DOUGLAS G
1028,SHERMAN KEVIN E
1029,LAW JASON W
1030,MARSHALL MELVIN L
1031,DIAMOND BOBBY K
1032,MOON RANDY E
1033,REED KEVIN M
1034,NELSON LARRY A
1035,THOMPSON RICK V
1036,COLLINS JEFFREY S
1037,GLENN LAMAR C
1038,WARD KENNETH A
1039,HERN JOSEPH L
1040,BRIDGES ISAAC H
1041,TAYLOR MELANIE K
1042,JONES OWEN D
1043,YOST AUTUMN M
1044,BRAUN NED W
1045,MIESSE MARK A
1046,JAMES JARROD L
1047,WARD AARON M
1048,MOORE ERIC D
1049,TYLER MICRITA R
1050,GIBSON LINDA L
1051,FITZPATRICK DARRELL G
1052,SIGMAN RYAN L
1053,WILLIAMS MICHAEL S
1054,ESTEP GREGORY L
1055,LINDSEY GREG M
1056,CLINE CHRISTOPHER A
1057,KUEBLER KENNETH J
1058,NICHOLSON DUANE E
1059,WEBER JOEL E
1060,BLACKMON ALLEN D
1061,OLIVERIO DONALD M
1062,MALONE MARTIN B
1063,OVERHOLSER STEPHEN P
1064,EING DAVID G
1065,FARKAS BETTY L
1066,MILLER STEWART A
1067,GNAGI STEVEN R
1068,MASI MICHAEL
1069,WINDON EMMET L
1070,RUSSELL DIRK C
1071,BLACKWELL JEFFREY
1072,DOCKERY ROZALIA M
1073,GRUBE MARCIA J
1074,SHEPHERD ROBERT J
1075,SOWARDS DONALD L
1076,LOVETT MARK E
1077,EVERETT ERIC J
1078,SULLIVAN JOHN A
1079,KANE DANIEL Q
1080,FOLEY CHARLES P
1081,MILLER DAVE M
1082,BALDWIN MATTHEW D
1083,DEGRAFFINREED DARIN L
1084,EGGLESTON MAXINE D
1085,FOX DENNIS K
1086,DAVIS ROBERT J
1087,TALIAFERRO YVONNE
1088,WHITE JOEL T
1089,HICKS ADAM C
1090,MAYHEW RANDALL P
1091,MILLER STEVEN D
1092,STEVENS GREGORY L
1093,HOWE JAMES L
1094,MULL BRENTON S
1095,ARAUCO CARRIE M
1096,KALLSTROM MELISSA L
1097,YOUNKER DAVID A
1098,DORN PATRICK F
1099,MILES KEVIN A
1100,FLETCHER STEPHANIE L
1101,WEBER MARY ANN
1102,WANNEMACHER BRADLEY J
1103,RICE ERNEST A
1104,AMOS EARL L
1105,RHODEBACK PAMELA A
1106,BENSON ROBERT E
1107,STRICKLER CARLA J
1108,BARNES JIMMIE D
1109,BURLEY KEVIN L
1110,CASTRO CAROLINE M
1111,DENT JONATHAN C
1112,HOGUE RICHARD A
1113,SCHRADER JOSEPH A
1114,WHITE ENOCH B
1115,ZORETIC DANIEL E
1116,DRIPPS HEIDI A
1117,FLYNN DENNIS P
1118,SIFORD SCOTT A
1119,LIVINGSTON STEVE L
1120,KAISER PAUL S
1121,RECTOR LOWELL F
1122,DAVID SHANNON L
1123,HAAS JENNIFER M
1124,MONTGOMERY VINCENT R
1125,GREEN MARK
1126,CONLEY KEVIN C
1127,TROUTMAN ALAN
1128,FREETAGE MATTHEW D
1129,WOOTEN DONALD L
1130,ARMSTRONG JANELLEN
1131,DURANT FRANCIS JR P
1132,THOMAS JAMES III W
1133,MASELLI BRYAN A
1134,WOLF PAUL D
1135,HOLBROOK CARLA S
1136,HOLLIS CARRIE L
1137,WALTERMYER HAROLD L
1138,HAYES JOYCE A
1139,LOVE STEVEN W
1140,LEE PAULA
1141,ODONNELL JOHN TIMOTHY
1142,PERRIGO TERRY M
1143,PRESLEY BENJAMIN T
1144,CROOM DANA A
1145,HOLZHAUSER CHRIST J
1146,TARINI STEVE M
1147,STULTS JAMES R
1148,WILSON JAMES R
1149,PAUL VICKY J
1150,COUCH AARON
1151,KAUFFMAN DONALD O
1152,WOOLDRIDGE GAYLA J
1153,GEORSKEY ADOREE
1154,PERRIGO MICHAEL L
1155,MORRIS JACK E
1156,GUTHRIE DANIEL J
1157,ANDERSON TODD C
1158,YATES LARRY J
1159,HUNGLER STEVEN R
1160,HAMMER JAY A
1161,GRANT DANIEL D
1162,WRIGHT TIMOTHY K
1163,SCHULTZ DIANNE C
1164,MARTIN FRANCIS X
1165,DAVIDSON JAMES E
1166,WESTFALL EARL R
1167,HAULT RICHARD I
1168,HALEY TIMOTHY A
1169,BROWN LARRY A
1170,KOWALSKI DERYL J
1171,FEDERER ADAM E
1172,BRANDT JEFF R
1173,FRANCE JAMES D
1174,COPELAND DAVID W
1175,KALOUS BRIAN J
1176,DIXON DANNY L
1177,LEE LINDSAY M
1178,BROWN HENRY L
1179,PARKS OLANDER
1180,KNIGHT DAVID B
1181,COY ADAM C
1182,JACOBS ROGER W
1183,PHILLIPS GAR B
1184,DECKER KENNETH A
1185,MARTIN STEPHANIE L
1186,STITT JOHN C
1187,ROGERSON ANDREW D
1188,PAXTON SCOTT C
1189,JARJOURA TERRI D
1190,WISH JOHN D
1191,NOWELL DAVID L
1192,KARNES SHANE B
1193,ROSS DAVID F
1194,SEEVERS MARK J
1195,WINCHELL KEVIN M
1196,LANCASTER MIA T
1197,HEDDLESON STEVE
1198,BURKE GARY P
1199,BOLDIN PAUL J
1200,COATY JOHN M
1201,NAREWSKI JOHN D
1202,BAILEY MELISSA A
1203,TORMASI ROBERT J
1204,JAEGER MARTIN T
1205,CUTTERIDGE CRAIG A
1206,HUPP BRYAN A
1207,WADDLE CHRISTOPHER E
1208,MOOSE BROOKS A
1209,RYDER JULIE A
1210,GROOMS YVONNE D
1211,KNOTTS STEVEN A
1212,LINGOFELTER SHAWN D
1213,SEAMAN DAVID E
1214,LOWRY BRENDA L
1215,MYERS KYLE J
1216,LUNING TIMOTHY G
1217,MARSH JAMES J
1218,ADAIR DANIEL M
1219,PYPER JEAN G
1220,PENN ELIZABETH N
1221,LENT SHAWN E
1222,GILBERT JEREMY D
1223,FILLINGER DENNIS L
1224,HENSLEY WILLIAM F
1225,WILLIAMS SONTINO M
1226,FOSTER SAMUEL L
1227,PURDY ROBERT H
1228,EDLEY KIM C
1229,PARSLEY SUSAN D
1230,CLARK JEFFREY A
1231,MCCRACKEN SHEA A
1232,SMITH ANDREW F
1233,WILSON MICHAEL W
1234,CARRIER DORAN MICHAEL
1235,MCKEE DELISA M
1236,RIEKE CATHERINE M
1237,STALNAKER MONTE L
1238,ROSE BRIAN K
1239,MIRONES JANICE M
1240,BUCY DAVID M
1241,EGGEMAN JAMES
1242,ROST ALYCIA P
1243,VARGO SUSAN J
1244,LANCASTER WHITNEY R
1245,MAYNARD RICK A
1246,CASTLE MICHAEL A
1247,MURRAY DAVID B
1248,PATTERSON DAVIDA F
1249,WALKER BRENDA K
1250,LAWRENCE JUDY L
1251,TAYLOR GLEN A
1252,WINN KEITH R
1253,SNYDER BRENT I
1254,DICKINSON DANIELLE R
1255,SUVER MELISSA E
1256,ESPIE DOUGLAS
1257,EVERHART CJARRAULT L
1258,CARTER ROBERT S
1259,KOENIG ROBERT A
1260,NULL JAMES C
1261,WAGNER SCOTT L
1262,ROSCH CHARLES C
1263,HOLLIS LOUCIOUS C
1264,CRAFT MICHAEL J
1265,GREEN RITA
1266,JOHNSON STACIE M
1267,DEARTH SANDRA D
1268,COOK MATTHEW T
1269,SMITH LEISA K
1270,SLONE BRAD L
1271,KING DAVID M
1272,THARP ROBERT J
1273,CORNUTE DAVID C
1274,JAMES SCOTT T
1275,COOPER JESSICA S
1276,KIRBY ZANE M
1277,WOLFINGBARGER BEN
1278,EDWARDS JAVONNAH
1279,GRASHAM MATTHEW J
1280,WINGARD HOWARD W
1281,FARRELL MATTHEW S
1282,THOMPSON JESSICA L
1283,WRIGHT WAYNE L
1284,BAKER RAYMOND
1285,VANFOSSAN HARRY D
1286,SCHONS ROBERT J
1287,PRYSOCK NICOLE M
1288,SNYDER JENNIFER A
1289,HOCKER JERRY E
1290,WILLIAMS WILLIAM A
1291,HAMMERBERG DAVID W
1292,RUSSELL NORMAN F
1293,PECK SAMUEL S
1294,ERWIN VAN III
1295,SINGLETON KEVIN W
1296,BRANDT JACQUELINE B
1297,STONE DENNIS L
1298,WHITTAKER BRUCE A
1299,BOWDITCH FRED C
1300,SCHULER BLAIR E
1301,WEAKLEY KEVIN S
1302,DELONG KEVIN S
1303,CARR RICHARD P
1304,BURTON GEORGE U
1305,WEBB JERRY E
1306,QUINICHETT CAROLYN A
1307,KNIGHT JEFFREY
1308,PICKRELL DANIEL JR R
1309,DAVIDSON DAVID W
1310,HYSELL ANTOINETTE M
1311,SHIRK JOHN M
1312,GOLDENBAGEN KURT E
1313,CASIMIR THOMAS C
1314,HUNT MELINDA
1315,DAVIS RONALD R
1316,KALOUS THERESA M
1317,SCHIFF TODD D
1318,WILLIAMS ROBERT D
1319,STOVER JAMES JR L
1320,NEITMAN DALE R
1321,CUMMINGS JAMES C
1322,MOORE WILLIAM L
1323,LAIRD BRETT M
1324,ROGERS ANTHONY L
1325,ROUSH CLAUD D
1326,LIEBRECHT SHARON
1327,MCVEY TIMOTHY K
1328,DODD LAURA L
1329,GROCKI RONALD J
1330,BEST WILLIAM E
1331,COONTZ KENNETH R
1332,DICKINSON ROGER B
1333,GORDON FAY E
1334,HALL JONATHAN G
1335,MARCUM KENNETH G
1336,MILLER THOMAS E
1337,RILEY CHRISTOPHER T
1338,ROBERTS JAMES A
1339,ROBERTS STEVEN M
1340,DEVAULT RONALD E
1341,HAWKINS THOMAS
1342,RUDDOCK DAVID R
1343,HARRIS KERRY W
1344,ROESE CHARLOTTE L
1345,ALTHERR ROBERT III F
1346,STEVENS MELANIE L
1347,NORMAN DANA M
1348,BOOTH LARRY D
1349,KONICKI JASON G
1350,GRAHAM CHRISTOPHER M
1351,MCFARLAND SAMUEL A
1352,RALLS DAVID D
1353,JONES DONALD K
1354,MARTIN JEFFREY T
1355,LOKAI JEFFERY M
1356,WELSH TIMOTHY F
1357,MATHYS JAMES D
1358,MASON MELVIN H
1359,TITUS LOWELL T
1360,BRICKEY DORIS M
1361,SPENCER WILLIAM M
1362,MCLAUGHLIN RHONDA E
1363,ERPENBECK JENNIFER L
1364,MCGUIRE DAVID C
1365,GLENDENIN GREGORY T
1366,COULTER PAUL H
1367,MILES JOHN B
1368,SORENSEN ALLAN P
1369,MORROW RUSSELL J
1370,GREGORY TARA M
1371,MYERS AARON A
1372,SNIDER MICHAEL T
1373,BELL JESSIE R
1374,MEISTER RAYMOND A
1375,KIRK CATHERINE M
1376,PAGNIANO SHAWN M
1377,SIMMONS STEVE G
1378,ROWLANDS STEVE
1379,EPPERT STEVEN D
1380,HAIRSTON WILLIAM A
1381,HOYT KELLY D
1382,WATSON DUWAN L
1383,BEARD BRUCE A
1384,HOUSER ERIC B
1385,LEE JOSHUA E
1386,BISUTTI RICHARD B
1387,LUCAS RONNIE JR G
1388,LIPP JEFFREY A
1389,STRAUSS DAVID A
1390,WEAVER DANIEL V
1391,CANTER CORY M
1392,SPEARS WADE H
1393,SPRINGER DONALD E
1394,BISUTTI LEONARD A
1395,DUNHAM CHAD M
1396,TUSSING SEAN M
1397,MUNSCH STEVEN W
1398,GUNTHER JASON L
1399,SEWARD MARTINA R
1400,ECKENRODE KEVIN C
1401,HUSTON TIMOTHY E
1402,MORGAN KEVIN II C
1403,STRAUSBAUGH ROBERT N
1404,GIBSON STEPHANIE L
1405,GORDON TIMOTHY S
1406,HOUSEHOLDER GARY R
1407,SOHA SCOTT D
1408,NOMMAY MONTE S
1409,FORD RAY P
1410,MOLLETTE RICK C
1411,MOODY LISA J
1412,BROBERG MICHAEL R
1413,WEYANDT DENNIS W
1414,TUSSING CHRISTOPHER A
1415,SOMPLE LESLIE J
1416,TUCKER BLANCH R
1417,HANNAH WILLIAM E
1418,LINSCOTT KENNETH A
1419,TODHUNTER PATRICIA A
1420,HOLT MELINDA S
1421,CHAMPLIN LARRY W
1422,BAIR JAMES T
1423,MEYERS JOHN P
1424,WEEKLEY MATTHEW R
1425,BYRNE JEAN M
1426,TODHUNTER JOHN W
1427,HUCK KENNETH E
1428,VONK SHARON
1429,TAYLOR RALPH L
1430,COTE JACKIE A
1431,SLAUGHTER BRETT A
1432,HAMMOND MATTHEW J
1433,HALL DWAYNE
1434,SHANNON MICHAEL L
1435,JACKSON JASON T
1436,PARTLOW STANLEY E
1437,MOORE RICHARD SR S
1438,KAYLOR BRIAN L
1439,GOSS WAYNE P
1440,GARGARO MARK B
1441,CLOUSE RAYMOND M
1442,MCCOTTER BOB E
1443,ROBERTS CHRISTINE J
1444,GINGERY STEVEN A
1445,KNOTTS DELMAR
1446,WILLIAMS MARK J
1447,MANNON JOANNA M
1448,HASSEY JAMES A
1449,JONES CHRISTOPHER B
1450,KELLER RONALD F
1451,CUSTER RONALD L
1452,HUNTER THOMAS J
1453,KERINS MARY G
1454,SEAMANS MARILYNN J
1455,BAYLESS KEVIN W
1456,WATSON JENNIFER M
1457,HAY JOHN P
1458,PERKINS CHERYL R
1459,PHILLIPS DAVID P
1460,JOHNSON JOSEPH J
1461,FRANCHINI STEPHEN L
1462,CARR STEPHEN C
1463,LASLO STEFAN G
1464,DUNBAR MATTHEW D
1465,SURBAUGH DALE R
1466,HELBER MARK D
1467,WELLS CARL R
1468,SMITH DAVID R
1469,SHAW DOUGLAS M
1470,MATHIAS NEAL A
1471,DALE CARLOS D
1472,MOORE WILLIAM
1473,ADKINS JACK K
1474,EDWARDS WILLIAM P
1475,STREETER JAMES L
1476,SMITH STEVEN C
1477,PRUITT IAN W
1478,ZIMMER KATHY S
1479,COLLIER SHAWN M
1480,ORTEGA DEMETRIS A
1481,WHEELER KEVIN K
1482,KNIGHT JEFFREY S
1483,BAKER JEFFREY E
1484,PLANCON JOSEPH L
1485,SPRAGUE WALLACE D
1486,MILLER RAYMOND V
1487,MILLER PHILLIP L
1488,LUZIO ANTHONY J
1489,FERENCZ KEVIN G
1490,MCGHEE JOSEPH D
1491,EVES SHANNON J
1492,SAGAN JEFFREY A
1493,LIEBERMAN BRENDA K
1494,DRAKE BRETT M
1495,NEAL MICHAEL A
1496,YOUNG ALTHEA E
1497,KOMISAREK NATHAN C
1498,CAMMELLERI LISA L
1499,HALEY AIMEE A
1500,MILNER GERALD E
1501,MADRY MICHAEL A
1502,WAGNER JOSHUA K
1503,PARKER TRAVIS L
1504,RADICH ANDREW J
1505,MACLELLAN TIMOTHY M
1506,SHEPARD SCOTT A
1507,YOUNGER MARK A
1508,STOKES SEAN M
1509,KELLY BRIAN M
1510,COLLINS-TAYLOR CATHY L
1511,TAYLOR ROBERT M
1512,BOOKER LAMAR C
1513,SMITH TODD L
1514,OCONNOR AMY M
1515,BRAMMER JASON A
1516,RHETT MICHAEL L
1517,DAVIS TIMOTHY J
1518,KIMBROUGH BRIDGET
1519,INGLES JAMES E
1520,KIRBY KENNETH D
1521,FREETAGE DAVID M
1522,LAWSON KENNETH A
1523,WILSON BROOKE E
1524,HARRIS WILLIAM A
1525,PERKINS DAVID R
1526,FOLEY CHARLES PATRICK
1527,ODELL BARRY J
1528,MEYER GREGORY B
1529,VRUGITZ CHARLES S
1530,SUBER LAURA A
1531,MORRIS KEVIN M
1532,STAFFORD MICHAEL P
1533,WATKINS THOMAS S
1534,BOGENSCHUTZ JANE L
1535,JACOBS KIMBERLEY K
1536,RAPP MARK T
1537,SIERS NICHOLAS C
1538,BAEHR CATHRYN A
1539,BALDWIN NORMAN E
1540,BORCILA REMUS V
1541,BARTHOLOW SCOTT W
1542,MORGAN RYAN D
1543,REED FRED O
1544,WARREN JOHN P
1545,CURRIER CHARLES S
1546,DAVIS TERRI D
1547,HOWSON TERESA A
1548,SPENCER JEFFREY S
1549,PAGNANELLI MELISSA E
1550,DOUGHTY GREGORY L
1551,THOMPSON ELWOOD S
1552,JUSTICE LARRY MICHAEL
1553,COMPSON JON M
1554,SHOAF LARRY A
1555,DODARO ROSAMARY D
1556,DAVIS TERRI S
1557,MEAD JANEL J
1558,WOODLAND TERRY L
1559,WALTERS TROY W
1560,SPAULDING DAVID
1561,ZACHER ALESIA J
1562,SCHWAB STEPHEN J
1563,EAGON TODD A
1564,RAPENPORT MARVIN L
1565,BALLOU MARIE E
1566,MITCHELL JACQUELINE Y
1567,PAULINS MICHAEL A
1568,COLE AMY M
1569,JOHNSON MICHAEL D
1570,REYNOLDS NICOLE D
1571,WILSON ROBERT M
1572,BAHEN PATRICIA J
1573,HART BRIAN S
1574,JEFFREY DENNIS J
1575,BARNES JEFFREY R
1576,PERKINS GEORGE A
1577,RINGHISER JOHN D
1578,EWING MATTHEW M
1579,BAKER KEVIN D
1580,SPRAGUE JASON M
1581,CONWAY JAMES H
1582,KELLEY TERRENCE S
1583,BOBO MATTHEW P
1584,HENTERLY THOMAS J
1585,STROLLO RONALD A
1586,JENNINGS JAMES JR L
1587,JUSTICE DAVID N
1588,HANSEN HAROLD JR S
1589,LEMMON RONALD JR A
1590,MONTGOMERY EDWARD L
1591,KANE COLLINS J
1592,KERIN TODD K
1593,HAIRSTON JOHN T
1594,GRAVETT JAMES L
1595,QUINLAN THOMAS A
1596,HOLLAND DARRYL R
1597,WILLIAMS RHONDA E
1598,MORRIS JACK JR E
1599,CHURCH BILLY J
1600,GARNER JASON SR T
1601,CORBIN DEREK C
1602,ELLIS PATRICK W
1603,KISE KEITH A
1604,ANDERSON ALEC D
1605,RHYNE MATTHEW S
1606,MCNAMARA RYAN D
1607,ORAHOOD GARY II D
1608,HASSON EDWARD P
1609,MARTIN SCOTT A
1610,CRAWFORD BEN JR L
1611,SHOPE STEVEN A
1612,SMITH JOSEPH W
1613,LAMARRE BRIAN P
1614,GATES MELISSA M
1615,LUZNY GREGORY A
1616,MCCOY CHARLES E
1617,KANODE HOLLY A
1618,LANG WILLIAM JR G
1619,HILSHEIMER RICHARD II A
1620,REFFITT ROBERT L
1621,TRUAX BRIAN C
1622,KIRK MICHAEL T
1623,MILLER WILLIAM JR E
1624,GREENE CHARLES II R
1625,GAGNON JOHN E
1626,KING JACK JR
1627,JACKSON THOMAS E
1628,MCCLARY TERRY W
1629,GUNTHER MARTINA R
1630,CARTWRIGHT CHARLES M
1631,GATES RICHARD L
1632,REARDON EDWARD
1633,BOND TERRY L
1634,HARE BRAD E
1635,EVANS LAURA L
1636,OBOCZKY STEPHEN E
1637,STEPHENS APRIL L
1638,KECK ROBERT B
1639,PORTER ROBERT M
1640,WILDMAN BRIAN E
1641,BRANHAM RONALD D
1642,COLLINS MARCUS J
1643,TURNER TRAVIS L
1644,PALEY PHILIP M
1645,DEAN STEVEN E
1646,ULRICH MICHAEL F
1647,WALDENGA CHARLES P
1648,ROD LARRY M
1649,PRZYMIERSKI AUSTIN R
1650,JUNK DONALD S
1651,ALLI ELRICO II V
1652,HUNTER MATHENA A
1653,CHAPPELEAR JACALYN K
1654,ASSENHEIMER NEIL L
1655,WAUGH LISA M
1656,MORROW JAMES JR B
1657,LANNING RONALD R
1658,MURPHY GREGORY L
1659,MEYER CHRISTOPHER W
1660,CROSS SARAH A
1661,KELLOUGH GREGORY W
1662,SPRADLIN STEPHEN D
1663,WHITT PAUL G
1664,FOSTER RICHARD II W
1665,KASSER KELLY A
1666,SHAFER KENT H
1667,HAMMEL TROY M
1668,FERGUSON GEORGE W
1669,HIGGINS SHEA E
1670,SUMMERS SHEILA
1671,CLUTTER CALVIN J
1672,SPOHN CHRISTOPHER J
1673,CHAPMAN MICHAEL E
1674,EDEN WILLIAM JR L
1675,MAYLE GARY JR L
1676,NOLTEMEYER SEAN S
1677,BATOG MICHAEL S
1678,BARBEAU LISA A
1679,GUGLIELMI RALPH A
1680,SHAEFFER PERRY T
1681,FIELDS RAYMOND A
1682,JACKSON KEVIN SR L
1683,FULTON MAUTEZ L
1684,BAUGHMAN MATTHEW R
1685,BERMAN BRETT R
1686,LUSH MICHAEL E
1687,DEVENNISH EDWARD B
1688,MARSHALL BILLY JR D
1689,MURNANE JULIE A
1690,KONCELIK DAVID A
1691,COX EDWARD III J
1692,STROZYK JAMES W
1693,SMITH EARL III W
1694,VEGH BRIAN R
1695,PAXTON DEBRA A
1696,LITTLE ROBERT W
1697,PERRIGO SHAWN
1698,LAIRD SHAUN K
1699,BRASKIE JAMES R
1700,WILKINSON KIMBERLY L
1701,WILSON SHELIA A
1702,BURKEY JOSEPH P
1703,THOMAS JAMES II W
1704,JOHNSON BRETT T
1705,LACY BRIAN W
1706,DAILEY PATRICIA K
1707,BACHMAN JOSEPH A
1708,CHEATOM CAROLYN F
1709,WELCH PAUL III K
1710,JOHNSON CARL R
1711,GAMMILL STEPHEN P
1712,LANDIS JEREMY R
1713,KANE JOHN IV J
1714,WILSON BRET H
1715,CALLAHAN PAUL J
1716,MCANDREW KEVIN J
1717,COVEY CARL III S
1718,SCHIERING JAMES II R
1719,ACKLEY JEFFREY A
1720,WILSON JACK T
1721,BOSSE JACK L
1722,CLOUSE ERIC S
1723,PENNY MARIO A
1724,MAYBERRY RODNEY D
1725,HEDRICK TIMOTHY A
1726,CARLSON MELISSA K
1727,CRINER RICHARD JR D
1728,WELCH ROY
1729,MCINTOSH WILLARD JR
1730,FULWIDER DOUGLAS W
1731,PRUITT JENNIFER M
1732,GARCIA LINDA MARIE
1733,MAXSON DEBRA A
1734,WEBER PATRICIA A
1735,BOWEN CRAIG E
1736,BORGHESE STEPHEN P
1737,OBRIEN JAMES M
1738,ELLIS TERRENCE T
1739,KERR KENNETH JR L
1740,WAGNER BONNIE L
1741,STECKMAN THOMAS M
1742,JOHNSON STEVEN E
1743,MOORE OLIVER W
1744,TRENT STERLING O
1745,FOFANA JACQUELINE E
1746,REFFITT ROBERT E
1747,YONEK AARON M
1748,COLEMAN JUSTIN A
1749,CRAMBLETT TODD A
1750,GRABER HEATH D
1751,BATTLE MARY A
1752,SUMMERS JOHN II B
1753,BENNETT ANTHONY R
1754,FISHER TRAVIS D
1755,DUPLER DANNY J
1756,CAMPBELL STEPHEN E
1757,ALBAUGH DOUGLAS W
1758,ONDREY ROGER B
1759,SCHELL DANA B
1760,DAUGHERTY PATRICK A
1761,MORROW BRADLEY C
1762,FETTER PAUL D
1763,WILSON JAMES JR E
1764,CARNEY BRIAN J
1765,ROND CHRISTOPHER J
1766,GLOVER THOMAS JR E
1767,LEE CRAIG S
1768,KNUDSEN MICHAEL J
1769,HARTRANFT MEGHAN L
1770,PATETE GUY III R
1771,STEVENS PHILLIP J
1772,LANG MARK E
1773,KASZA JEFFREY JR J
1774,GOOD JOSHUA C
1775,GRAUL DENNIS L
1776,SYKES RASHAWN A
1777,SINGER OSCAR L
1778,RYAN MICHAEL JR R
1779,WILGUS MICHAEL P
1780,RICE LINDA K
1781,SCHLUEP MARTIN
1782,LYKINS DALLAS W
1783,STOCK DAWN M
1784,PARKER CHARLES J
1785,BISCHOFF THOMAS P
1786,KEMMERLING RONALD JR L
1787,JOHNSON MUEZJUNTO JR D
1788,WHITMAN LARRY II L
1789,BEYER DOUGLAS H
1790,WOOD DAVID R
1791,HETTINGER WESLEY R
1792,HENRY MICHELLE R
1793,PHILLIPS MARCIA M
1794,GOODMAN CRAIG R
1795,RICKS TERESA A
1796,ROBEY GEORGE III D
1797,MCCOTTER MARY S
1798,MILLIMEN SPENCER G
1799,SPRAGUE WALLACE III D
1800,GLASURE STEPHEN D
1801,BURCHINAL JASON A
1802,VANFOSSAN RYAN M
1803,SHOEMAKER MARGARET E
1804,POEHLER ERIC C
1805,SAMPSON JEREMY A
1806,MITCHELL ANDREW K
1807,WOLFINGBARGER BEN JR
1808,SANDERSON GREGORY P
1809,HARTER LARRY L
1810,MARSH JAMES III J
1811,MCKEE DAVID C
1812,CANINI KEVIN A
1813,BROWN JOHN JR A
1814,TALONE NICHOLAS
1815,WELLS LEROY J
1816,WORTHINGTON DEAN P
1817,SIMS JOHN A
1818,SHARMA SHREE M
1819,KING ROBERT D
1820,HALL FRANKLIN JR D
1821,BURKHOLDER SAMUEL J
1822,WEEKLEY ZACHARY E
1823,PETERS TIMOTHY II F
1824,DAVIS TERRI SUE
1825,KINCADE KYLE O
1826,SCOTT ZACHARY D
1827,DYER STEVEN R
1828,VOTAW GARY L
1829,WHITE GEORGE E
1830,RAMSIER LOGAN M
1831,BERNARD GARRETT R
1832,PERRY MICHELLE N
1833,JUSTICE KEVIN P
1834,WILDERMUTH JAMES D
1835,BENSTON BARBARA A
1836,MASSIE JOHN T
1837,BROWN LARRY JR A
1838,STEPHENS JEROME G
1839,JOHNSON JOSEPH JR J
1840,LEON ANDRE M
1841,JOURNEY CHRISTOPHER S
1842,GALENTINE STEPHEN JR L
1843,DEERWESTER MATTHEW K
1844,TATE ANDRE E
1845,BROWN HAROLD L
1846,PAULUS TOM J
1847,SMITH-HUGHES CHRISTOPHER A
1848,URSELL STEVE J
1849,STEEL BRIAN A
1850,DELFINO JAMES J
1851,BECKER DAVID R
1852,CHILTON CHRISTOPHER J
1853,JONES TODD R
1854,YAP DANIEL J
1855,LAVENDER PATRICK J
1856,HATFIELD RAYMOND E
1857,ADROVET JAIME
1858,SUMMERS TIFFANY D
1859,WILLIAMS JULIE A
1860,MILLER JEFFREY L
1861,YATES BRETT C
1862,HARMON BRANDON L
1863,KINZEL RANDALL II S
1864,DAWSON DONALD JR J
1865,CAUDILL CHAD V
1866,CAPRETTA WILLIAM A
1867,DRAKE ANDREW T
1868,KRICHBAUM RYAN M
1869,SCRUGGS STEVEN L
1870,DENNER MARK A
1871,REESE LARRY D
1872,STEELE RYAN P
1873,HAY CRAIG L
1874,JONES JEFFREY L
1875,LINTZ RANDALL G
1876,JOHNSON HAROLD W
1877,JACKSON PHILLIP E
1878,WARD CLIFFORD SR L
1879,BOKEMPER JODIE H
1880,PORE DONALD L
1881,KIRTLAND STEPHEN P
1882,HOWE ANDREW C
1883,FISHBURN KYLE M
1884,WRIGHT EDDIE A
1885,DAY JACOB J
1886,WORTHINGTON DONALD L
1887,SMITH DONNY L
1888,CUNNINGHAM JO ANNE
1889,REDICK APRIL L
1890,LEMANSKI MICHAEL T
1891,DIXON ROBERT R
1892,MCKISSICK LISA J
1893,SCHRADER JAMES S
1894,STONE CRAIG A
1895,CAMERON MICHAEL E
1896,GIBSON ELIZABETH A
1897,KAUFMAN FREDERICK II L
1898,FOSTER RICHARD W
1899,GREEN DUSTIN R
1900,MORRIS AMY L
1901,EDWARDS EMANUEL P
1902,WOLF DANIEL A
1903,HOLTMANN BENJAMIN J
1904,CAO CUONG C
1905,COLLINS HEATHER
1906,AYERS DEBORAH S
1907,BLACK TERRY D
1908,FARKAS BETTYLYNN
1909,BARKER KEITH A
1910,WADDELL JENNIFER L
1911,BOESCH RYAN L
1912,RIBAR JOSEPH B
1913,SHINAVER STEVEN D
1914,SCHIRTZINGER RICHARD P
1915,HARDER DARREN H
1916,BROOKS RICHARD E
1917,FERGUSON NANCI A
1918,NIEDERKOHR JEREMY J
1919,BAKER MATTHEW B
1920,TURNER THEODIS III N
1921,POLEN JOSEPH M
1922,OWENS JAMES D
1923,ALLEN TONYA A
1924,SMALLWOOD ROBERT F
1925,ROOSE JEFFREY A
1926,RIPPEY SAMUEL R
1927,DERDZINSKI PIOTR J
1928,VANGUNDY JACK S
1929,CRAIG MATTHEW S
1930,WILLIAMS JOSEPH P
1931,JONES ERIC P
1932,SHEPARD BRYAN A
1933,RAINES TIMOTHY J
1934,PARINI GREGORY S
1935,GEIGER LAURA L
1936,DEARWESTER SHANNON J
1937,WHITE WILLIAM J
1938,FUQUA JAMES K
1939,FERGUSON JEFFREY L
1940,MANCINI DAVID A
1941,LAUGHLIN MARK S
1942,WHITAKER CHRISTINA M
1943,WEINER PAUL A
1944,VALISKI JOSEPH J
1945,VOORHIS MICHAEL C
1946,CASTEEL BRIAN E
1947,PORTER RYAN J
1948,GOUDY BRIAN J
1949,ALLISON GLENN W
1950,VALKO MARY A
1951,FRISCO JUSTIN J
1952,LEPPLA BENJAMIN S
1953,MOORE TERRY L
1954,HURST LEE A
1955,LOGSDON VERONICA L
1956,ERDELJAC KYLE N
1957,JOHNSON SHANNON J
1958,SCHMITZ TIMOTHY J
1959,FRAZER MARC II A
1960,NGUYEN QUOC K
1961,HICKEY ANDREW W
1962,THATCHER GARY J
1963,MORRIS MIA T
1964,OGRADY BONNIE M
1965,SMITH STEVEN M
1966,HOUPE VINCENT C
1967,KEMP ROBERT E
1968,ADU-OWUSU ADOLPH K
1969,MILLER MARCUS A
1970,MILES JOHN II B
1971,DUKE BRIAN L
1972,BOVA CHRIS A
1973,BUTCHER JUSTIN R
1974,FISHER SALLY L
1975,STONEKING TY J
1976,MASON BRYAN C
1977,GILLES JONATHAN M
1978,CONLEY HAROLD II O
1979,SLOMOVITZ AARON R
1980,STAFFORD JOHN R
1981,JAMES WILBERT R
1982,MASON NICHOLAS E
1983,ROSSER RYAN A
1984,ARNOLD DAVID E
1985,SHEEHAN ELISABETH M
1986,BURTON THOMAS W
1987,SMITH JONATHAN W
1988,DENNIS TIMOTHY A
1989,GEARHART JEFFERY D
1990,CHEARS WILLIE L
1991,JONES JUSTIN M
1992,DAUGHERTY JOSHUA S
1993,GUSTAFSON LEGINA M
1994,HALLER CRAIG M
1995,FOX CHRISTINE R
1996,DUNLAP GARY A
1997,LYONS DAVID J
1998,MCCLAIN DOUGLAS K
1999,BEARD WILLIAM M
2000,HIGH CYNTHIA M
2001,MASON STEPHEN M
2002,CAVENER JOSHUA N
2003,ALTSHULER HENRY A
2004,WILLIAMS JOSEPH W
2005,BOGGS CHRISTOPHER J
2006,HALL RODNEY II L
2007,RESATAR MATTHEW W
2008,VOZAR JEFFERY J
2009,PENHORWOOD JASON D
2010,LIRTZMAN BONNIE L
2011,CHAMPER JACOB S
2012,FRANKEN GREGORY M
2013,PALMER SIUSAN L
2014,HALL BARRY A
2015,FRISCH JAIME L
2016,AMSTUTZ NATHAN
2017,ESTEPP JAMES P
2018,KENNEDY ZACHARY A
2019,THATCHER NICHOLAS S
2020,CASANOVA GREGORY J
2021,TRASK ACE F
2022,BARE JASON S
2023,HOPE STEVEN L
2024,PETERS JERRY F
2025,SCHLABACH JOAN L
2026,BRUMFIELD BRYAN J
2027,DRAGIN FALACIA L
2028,SCHULZ DAVID M
2029,HARRISON-STOUT MARY C
2030,BAKER TIMOTHY C
2031,CUTSHALL ROBERT A
2032,SERROR MATTHEW S
2033,GEARHART JOSHUA
2034,MCGAHHEY DANIEL
2035,BURDETTE TRAVIS D
2036,MASSIE JAMES A
2037,HOUSTON REBECCA M
2038,LIEB CHRISTOPHER J
2039,ROSE STEVEN I
2040,GILLESPIE HEATH
2041,LYMAN CHRISTOPHER
2042,GILLETTE WILLIAM L
2043,BEINE JEFFREY A
2044,SHEEHAN JAMES E
2045,MURAWSKI JAMES G
2046,WALDMAN MATTHEW A
2047,PARKER PAUL
2048,SIX AMBER L
2049,MCMILLEN MARK T
2050,BALMERT STEVE
2051,MARCHESE VINCENT J
2052,HAUSER MATTHEW
2053,RICH BRADY A
2054,BENSON JENNIFER Y
2055,SLIVANYA MICHAEL J
2056,ORIELLEY W S HAYES
2057,SHOTWELL AARON R
2058,CAMERON IRENE
2059,SLADOJE AMANDA N
2060,FANTIN JOHN III P
2061,KORNEY ERICA
2062,WITTICH RODERICK F
2063,FRENZ JOHN T
2064,SALSGIVER DAVID A
2065,SPECK JON
2066,PERKINS JESSE M
2067,BRANCH SCOTT
2068,SPRAGUE SHANE A
2069,ROMANS MELVIN M
2070,LARRISON DAVID M
2071,ANDREWS KYLE
2072,RITCH JOSEPH M
2073,FOE STEVEN
2074,LEMAK FRANK
2075,TURNER LARRY F
2076,SCLAFANI FRANCIS JR E
2077,SCHELL MICHAEL V
2078,GRAHAM JAY L
2079,RUHL EDWIN P
2080,BLISS JASON G
2081,CONE DARWIN M
2082,SCHMID SHANNON S
2083,TOWNSLEY BRUCE JR
2084,ALBERT JOSEPH R
2085,PELLEGRINI THOMAS M
2086,LITTLE JOEL
2087,DITTMER TERRENCE A
2088,FORSTER BRAD
2089,NORTHROP LINDA E
2090,JAMES JOSE A
2091,EHRSAM GERALD E
2092,GRIFFIN ROBERT
2093,CHAPPELL SAMUEL L
2094,GIBSON JOSEPH C
2095,TOMLIN WESTON C
2096,EVANS DYLAN
2097,GRAHAM BEAU-CHRISTIAN C
2098,SWORD SEAN S
2099,MACKLEY BENJAMIN
2100,CURMODE SUZANNE M
2101,NEWMAN LARRY B
2102,MINGUS WILLIAM J
2103,SHIRK JULIE A
2104,FREASE WILLIAM T
2105,LAZAR JEFFREY
2106,FINCH DONALD J
2107,CHAPMAN KURT E
2108,BOYD CHRISTOPHER
2109,WIEDMANN JR DARYL R
2110,ALBERS CHARLES E
2111,HERMEY MARK J
2112,MULVANEY MEAGHAN E
2113,MALLERNEE WILLIAM J
2114,HERNON HUGH
2115,DYE SHAWN
2116,KONVES NICHOLAS
2117,EDELSBERG DAN S
2118,EVERS SCOTT J
2119,WILLIAMS WESLEY
2120,VEHR PATRICK J
2121,SUMMERS AUSTIN C
2122,MACKINNON GREGORY M
2123,HOLLANDER KIMBERLY S
2124,RICCI CRAIG
2125,COLLINS DEAN A
2126,MCDANIEL MATTHEW R
2127,SCHWEGLER CHRISTOPHER A
2128,SEGNA MICHAEL J
2129,BEINE STEVEN P
2130,DUNLEVY MICHAEL B
2131,MOORE ISAAC J
2132,WEEKS CHARLES W
2133,SCOTT CASSIE E
2134,WEISE DANIEL
2135,ROGERS PHILLIP M
2136,HOUSEBERG JOSEPH
2137,KERSCHNER BELINDA M
2138,SMITH BRIAN K
2139,WARREN JOHN M
2140,ALLI LINDSEY A
2141,GAINES MARION
2142,JACOBS KURT D
2143,KNEELAND CHARLES M
2144,CONWAY RICHARD A
2145,WYNNE TIMOTHY M
2146,GRAMLICH WILLIAM M
2147,HESS DANA S
2148,MONTURO ANTHONY F
2149,ICKES LISA M
2150,JEFFERSON JEREMY C
2151,DAVIS SHAWN
2152,YEAGER KELLY M
2153,GASAWAY MATTHEW K
2154,HOUPE CURTIS I
2155,SCHWAB BETTY A
2156,JONES GREGORY B
2157,PENNELL II WILLIAM L
2158,HUXEL BENJAMIN D
2159,RICE MARK A
2160,GEIS LAWRENCE E
2161,HERMAN JOHN P
2162,STEVENS MISTY M
2163,THARP TRACEY R
2164,READER SHANA M
2165,PAINTER ANDREW W
2166,BARNES NICOLE M
2167,WESTBROOK ERIC
2168,PERKINS JESSE E
2169,WOLFE TREVOR
2170,COLARICH GREGORY J
2171,SEBASTIANO ANTHONY W
2172,KROPP KENNETH
2173,SHEPHERD ELIZABETH A
2174,CHRISTOPER
2175,CHAMPLIN COREY
2176,ZEIGLER MAJOR
2177,KIRK JAMES L
2178,CARTER JAQUE B
2179,ADRIAN HELEN M
2180,RENSCH DANIEL
2181,TAYLOR BARBARA J
2182,WILSON MATTHEW
2183,GARNER DAVID K
2184,HURLEY WESLEY E
2185,HOWELL LARRY D
2186,CULL KYLE
2187,KNAPP ERINN
2188,BASH RICHARD A
2189,TEIGA JUSTIN
2190,GILROY JAMES P
2191,ALICEA JENNIFER M
2192,ARENT JASON
2193,MILLER LUELLA
2194,CROWELL JUDY K
2195,DUNBAR RACHAEL
2196,DOBEK JACOB
2197,MYERS TIMOTHY
2198,RICE ESTILL D
2199,MERCURIO ROBERT N
2200,ASCH STEPHEN E
2201,SCOTT WILLIAM
2202,GILLIAM REGINALD P
2203,BURNS CHRISTY LANE
2204,BLAIR KAREN
2205,CLARK NICHOLAS
2206,HETZER BENJAMIN
2207,CLARK JASON C
2208,DITTMER SUSAN E
2209,SCHULTZ WILLIAM C
2210,MARSHALL JOHN D
2211,JACKSON DEAN J
2212,ULRICH MARCIA M
2213,SKALA SARAH L
2214,ABBOTT-HALL RILEY
2215,ELDER JEFFERY G
2216,ONEALL CHRISTOPER
2217,SUMMERS JOHN JR B
2218,GATON SCOTT E
2219,WOOD MELANIE
2220,HYLAND SCOTT R
2221,SCHWIND NATHAN A
2222,VAN DOP JOSHUA D
2223,ENTRY NARCOTICS
2224,ELKINS MICHAEL G
2225,DILLON SHAUN J
2226,CULBERTSON SEAN
2227,POEHLER VERONICA L
2228,BREHM CORA L
2229,KRETZMANN LOGAN
2230,PALUMBO MEAGHAN E
2231,PORTER JOSHUA
2232,STEINER PAUL J
2233,PRAITHER MARY S
2234,PATTERSON KYLE D
2235,LAWSON ROBERT M
2236,WELLS JAMES
2237,HETTERSCHEIDT AMANDA
2238,GOSS DEANNA L
2239,ROCKWELL JOHN M
2240,DULANEY ERICKA R
2241,BAIRD STEVEN
2242,FLETCHER PATRICK W
2243,SWYCK SELENA P
2244,ENTRY SWAT
2245,JONES CHESTON C
2246,VIDUYA ROBERT M
2247,KASZA AMANDA N
2248,SCHOLL KYLE M
2249,BIGGERS THEODORE J
2250,LAIRD MICHAEL R
2251,EZELL JR JERRY L
2252,STELZER KYLE A
2253,ELROD BRIAN T
2254,GREEN KRISHA Y
2255,PRIME EDWARD J
2256,TACKETT JAMES H
2257,ZWILLING DIANNA R
2258,MORGAN JOSEPH A
2259,KENNEDY GARRETT B
2260,CORNELIUS GARY J
2261,HARDWICK ADAM L
2262,PRAY ANTHONY C
2263,STRENG SAMUEL J
2264,LAWSON ELIZABETH R
2265,BAUCHMOYER JASON E
2266,PARTLOW MEGAN E
2267,BEESON ROBERT K
2268,MAYS CATHERINE
2269,JONES DION K
2270,WOOLLEY JILL
2271,GIANOTTI TIMOTHY J
2272,GILLILAN JEFFREY L
2273,COMISFORD JENNIFER L
2274,DEROSIER GREGORY E
2275,DAVIS ROBERT A
2276,BROUSSARD AISSHA N
2277,SLIVANYA LAURA L
2278,HALBUR KEVIN M
2279,FORD JR RICHARD L
2280,HAWKINS ANDREW J
2281,KRACHT JR JEFFREY T
2282,STRAYER JEFFREY R
2283,HURST JOHN W
2284,JENNINGS JOSHUA
2285,MOORE SAMUEL A
2286,BAKER-WAUGH KRISTEN L
2287,SCHOOLCRAFT BOBBY G
2288,SASS BRIAN A
2289,THOMAS JONATHAN B
2290,GRIBI JENNIFER M
2291,WILLIAMS AARON M
2292,ONEALL CHRISTOPHER
2293,FELDHAUS BRIAN P
2294,JUSTICE KATHRYN R
2295,HIGGINS MICHAEL P
2296,MERINO MARCO R
2297,RILLING ALEXANDER J
2298,STRAUB KOLIN R
2299,MCKEE DUSTIN L
2300,JOHNSON MICHAEL S
2301,WHITE IAN R
2302,DOERFLER ALAN J
2303,STEWART CHERYL
2304,RANDLE JONATHAN P
2305,FARBACHER DANA R
2306,RICE BROOKE
2307,CASE KEVIN S
2308,GITLITZ DAVID A
2309,FINERAN WILLIAM C
2310,BEY DANIEL P
2311,KOAH TODD T
2312,HOCKMAN MARK A
2313,WEIRICK DAVID E
2314,KAHOUN CORY T
2315,MELVIN KELLY R
2316,MESSERLY BENJAMIN J
2317,TOWNSLEY MARY A
2318,CRAMER JOSHUA L
2319,SMITH BRIAN N
2320,BORBA ANDREW R
2321,HAWKINS JOHN P
2322,BURKE WILLIAM A
2323,RITTENHOUSE MATTHEW P
2324,HINKLE MICHAEL T
2325,MITCHELL MATTHEW C
2326,ROSEN ZACHARY B
2327,PARKEY ROBERT E
2328,CALLANDER ADAM M
2329,ANDERSON KEATON G
2330,HOUSEBERG DANA B
2331,REES MARC A
2332,VOTAW MICHAEL A
2333,CRAIG STEPHEN J
2334,CARRUTHERS JOSEPH R
2335,CAMP-DONOVAN BILLIE J
2336,DIEHL JAMES A
2337,RAHMAN MOHAMMED N
2338,HOLLEY MARTIN L
2339,REDDAE DEMSAS B
2340,REDMAN III RUSSELL G
2341,TUCKER TRAVIS M
2342,LATHWELL KYLE E
2343,ELIZONDO SHAWN D
2344,CAIN JEFFREY M
2345,FOWLER RYAN J
2346,GROVES ADAM C
2347,JAMES SAMUEL
2348,GARDNER GUY R
2349,BLAINE DEREK C
2350,TAYLOR BRIAN M
2351,CASTO SETH E
2352,NESSLEY NICHOLAUS D
2353,BECK DEREK A
2354,ROGERS CHASE W
2355,RUBENSTAHL NICHOLAS R
2356,BECKER BRIAN M
2357,YURKOVICH THOMAS R
2358,KNOX CHANCE P
2359,CLOUSE MARY A
2360,NANCE PATRICK S
2361,JENKINS MATTHEW D
2362,LOVELL JOSEPH R
2363,IARUSSI DAVID M
2364,KEY BRIAN S
2365,RUDOLPH JERRY II L
2366,KELLEY KEVIN A
2367,HILGENBERG JORDAN M
2368,KULP JASON R
2369,CAZAN CHAD A
2370,ORBAN PETER M
2371,HUDSON GREG
2372,GEORGE OLIVER B
2373,WISE ERIC J
2374,REYNOLDS-PARRA MICHELLE A
2375,WILSON NATHAN L
2376,MADISON DAVID E
2377,VANFOSSAN DREW A
2378,BAIR RICHARD L
2379,MRSNIK MATTHEW F
2380,MOREAU DAVID A
2381,PETRY BRANDON S
2382,WATKINS JAMES J
2383,BRYANT WAYNE T
2384,REED MICHAEL J
2385,ADKINS BENJAMIN D
2386,HOSTETTLER CHRISTOPHER A
2387,HILL AMANDA K
2388,WOLFERT WILLIAM R
2389,GARLOCK BRYCE D
2390,RICH AMBER L
2391,MCKEE RYAN D
2392,KINZEL JOSHUA L
2393,SALSGIVER JOSEPH E
2394,KOTCHKOSKI JOHN J
2395,PARKS ANTHONY S
2396,GIBSON JARRATT M
2397,FIELDS KIARA N
2398,CONNAIR SEAN
2399,SPANN ROBERT
2400,DILLEY DUSTIN
2401,ROSTORFER CODY P
2402,ERDENBERGER DEVON J
2403,PAWLOWSKI JACOB F
2404,RICH KENNETH
2405,CORPMAN SHAUN W
2406,KINZEL JENNA L
2407,MITMAN BRICE
2408,BYERS JOREN A
2409,FRANCIS ANDREW K
2410,DORSEY HARRY BRIAN
2411,POWERS DAWN M
2412,PIERSON THOMAS
2413,GRUBER SHAWN J
2414,CRAIG BRIAN M
2415,CHEARS THEODIS
2416,BRIGHT BRANDON
2417,THOMPSON BROOKE
2418,GROOM JOHN G
2419,BEATTY KYLE J
2420,MEFFORD JOEL M
2421,GANTT MELISSA A
2422,THATCHER BRANDON K
2423,DAVIS KEVIN D
2424,SZABO PAUL
2425,CREPS ELIZABETH A
2426,HANNAH STEPHANIE E
2427,FOSS JENNIFER M
2428,ADKINS MELINDA K
2429,KALISZAK MARY A
2430,THOMAS LAURA M
2431,GARVER DENNIS E
2432,ERAMO ROCCO
2433,ROBINSON BRIAN
2434,MARTIN RACHEL F
2435,GOODWIN RUFUS I
2436,LOGAN MISTY A
2437,HOLMES JENNIFER
2438,ADKINS MELISSA M
2439,GOODRICH JONATHON
2440,ROBBIE
2441,SPENCER DEANA R
2442,LIVELY PAUL S
2443,LEE RYAN B
2444,REES MATTHEW A
2445,BIEHL FREDDIE A
2446,CLARK DAVID M
2447,JOHNSON MARC M
2448,MOONEY JEFFREY R
2449,PANELLA DANIEL A
2450,DAMRON JR THOMAS E
2451,GREEN LINCOLN C
2452,GRIECO SASHA A
2453,WESTLAKE BENJAMIN
2454,WOODS EMANUEL
2455,SHALEK JOE W
2456,JOHNSON JONATHAN
2457,URIOSTEGUI VICENTE
2458,CALDWELL MATTHEW S
2459,EHRSAM JASMINA NMI
2460,KISTNER ALEX
2461,TOLMAN NEAL M
2462,BADGER SPENCER A
2463,JARRELL JOSHUA K
2464,SNYDER DANIEL D
2465,OXLEY THOMAS J
2466,HAUSER CHRISTOPHER M
2467,SANDERS KENNETH
2468,LAROCHE MICHELLE D
2469,VALENCIA EHRYN C
2470,STECK AMY
2471,SHAFFNER RICHARD L
2472,LUBELL STEPHANIE A
2473,MILSTEAD JOSHUA J
2474,OLSON DON
2475,GILLESPIE JAMES D
2476,HADDIX DANIEL MJ
2477,SPRINGER III DONALD E
2478,CHIRNSIDE KEVIN P
2479,BATEMAN ERIK P
2480,HOWARD SHANE J
2481,POPP BRETT
2482,BEINE ELISABETH M
2483,WRIGHT JOSHUA C
2484,WORTHINGTON JAMES
2485,EVERHART TRENTON D
2486,MCGINN STUART C
2487,ENTRY PATROL
2488,ALDERMAN DON W
2489,DETWEILER AMY L
2490,TAYLOR SEAN
2491,DRAKE CHARMAINE
2492,FARRINGTON CHRISTOPHER
2493,SPIEKERMAN GLEN
2494,KECKLEY SHANA M
2495,GEIST KIMBERLY
2496,JENKINS JACOB W
2497,CONNELLY BRIAN D
2498,SCHERGER NATHAN T
2499,THOMAS RACHEL
2500,BOWLING CHRISTOPHER D
2501,MOLNAR NICHOLAS
2502,HOWE MEGAN E
2503,HAMRICK AUTUMN E
2504,HERNANDEZ PATRICK M
2505,LAFOLLETTE JAMES E
2506,ANDERSON MATTHEW B
2507,FRANCIS CHRISTOPHER J
2508,TEIGA KENDALL
2509,GUTIERREZ LINDA E
2510,CLARK MATTHEW D
2511,LUCCI FRANKLIN
2512,ESCHENBURG MICHAEL
2513,DICKSON JAMES R
2514,EVANS RYAN G
2515,HARGUS NATHAN O
2516,TATE JR ROBERT A
2517,LAVEY KYLIE M
2518,SMITH KEVIN D
2519,SKINNER JONATHAN M
2520,COLEMAN II LON R
2521,HOWARD JOHN D
2522,THIEL COLLEEN M
2523,JACOBS PETER
2524,SPECHT JONATHAN D
2525,VELIE LUKE A
2526,WHEELER SARAH A
2527,SMITH JEREMY D
2528,METCALF KIMBERLY A
2529,SNYDER JACK D
2530,TAYLOR ERRICH J
2531,REICHENBACH EDWARD J
2532,WISE RYAN E
2533,HALE J C
2534,FENSKE DARRELL D
2535,SENG SOLOMON K
2536,STERLING JONATHAN
2537,GORTZ JOSEPH A
2538,WEST ZACHARIAH
2539,GOLDSTEIN JEREMY K
2540,TEIGA ERICA
2541,JOHNSON ANTHONY L
2542,DONALDSON RICHARD J
2543,ZIMMERMAN TRICIA
2544,WOODYARD BRET M
2545,PHILLIPS WILLIAM
2546,DERWACTER DUANE D
2547,MARTIN ROBERT III
2548,SOMMERKAMP CLAYTON
2549,FOULK BRAD E
2550,MARSH TINA S
2551,MCDONALD AARON
2552,WEEKS SHAWN M
2553,HARP NATHANIEL D
2554,GETZINGER AARON A
2555,STALLINGS ALEXANDER
2556,NAGRA ARJUN P
2557,BAUGHN THOMAS R
2558,PANEK TRACEY R
2559,LAWRENCE DAVID A
2560,CLAY MITCHELL L
2561,BISHOP IV CHARLES W
2562,SCHLAEGEL DANIEL
2563,PATTERSON GARY D
2564,KERNS DARREL E
2565,WINSTEAD MICHELLE
2566,BYRGE RYAN
2567,COBUS THOMAS
2568,HEINZMAN DIANNA R
2569,DRENNING DAVID A
2570,BOGARD JOSEPH
2571,BARSOTTI JARED
2572,HACKNEY DONALD
2573,HARSHBARGER CHARLES R
2574,PERRIGO JENNIFER L
2575,MILLER STEVEN H
2576,KIMBROUGH PAMELA D
2577,ADAMS BENJAMIN J
2578,FRITCHLE KATHRYN
2579,DERWACTER DUANE
2580,GAWRONSKI JOEL T
2581,PURGE IAB
2582,BADOIS PAUL III F
2583,SEYMOUR JOSHUA
2584,MILSTEAD JOSHUA
2586,FOULK BRAD
2587,BROWN DANIEL
2588,TRIPP NATHAN P
2589,CAIN JEFFREY
2590,TATE ROBERT
2591,MARTIN ROBERT
2592,SHORT AMANDA
2593,REISER DEVIN
2594,SANSBURY SUSAN L
2595,COOK BENJAMIN
2596,PELFREY MATTHEW S
2597,SEYMOUR JOSHUA S
2598,BROWN DANIEL W
2599,MAUCK RYAN P
2600,COVEY AUSTIN D
2601,SCHWARTZ NATHAN JR E
2602,OFFERS NICHOLAS R
2603,MORAN MICHAEL B
2604,BEAM RANDALL JR C
2605,MCNAMER EHRYN C
2606,HOHENBERGER KIRK G
2607,MILLER SAMUEL T
2608,VELALIS NIKOLAOS
2609,BROWN MATTHEW
2610,BATEMAN ERIK
2611,CONNELLY BRIAN
2612,KERNS DARREL
2613,BLAINE DEREK
2614,SKINNER JONATHAN
2615,MCDONALD AARON T
2616,SCHLAEGEL DAN
2617,SHORE DAVID
2618,SCHOPPERT KEVIN
2619,BEAM RANDALL
2620,CARROLL MATTHEW R
2621,AGENCY FOREIGN
2622,LAVEY KYLIE
2623,WOODYARD BRET
2624,BAUGHN THOMAS
2625,GORTZ JOSEPH
2626,HUNTER STEPHEN
2627,LABRAKE SCOTT
2628,SPECHT JONATHAN
2629,HADDIX DANIEL
2630,EVERHART TRENTON
2631,MASTERS JUSTIN
2632,WRIGHT SCOTT
2633,ROSSER STEVEN
2634,YATES LARRY
2635,TULGA GERALD
2636,SNYDER DANIEL
2637,FENTON NATHAN
2638,JAMES JEFFREY
2639,LANDIS JOSEPH
2640,WASKO FRANK
2641,MEYERS TODD J
2642,HOWARD SHANE
2643,COLEMAN LON
2644,STACY THEODORE
2645,SMITH JEREMY
2646,MENARD RORY
2647,HAMRICK AUTUMN
2648,SMITH KEVIN
2649,"WAUGH-HOLLAND, KRISTEN L"
2650,CHANNEL ERIC
2651,JOHNSON MARC
2652,DOVER MATTHEW
2653,SCHERGER NATHAN
2654,STEPHENS DARREN
2655,JOHNSON ANTHONY
2656,SEXTON JUSTIN
2657,LUBELL STEPHANIE
2658,EDWARDS SAMANTHA
2659,WATSON JOSHUA
2660,SNYDER JACK
2661,SHALEK JOE
2662,PRANTL DEAN
2663,VANFOSSAN RYAN
2664,RUARK JAMES
2665,BIEHL FREDDIE
2666,GAGNON JOHN
2667,ROMINE EVAN N
2668,CAMERON GARY
2669,MITCHELL JWAUN
2670,LATTA STANLEY
2671,ARTHUR JENNA L
2672,ELLSESSER JASON
2673,ARMENTROUT THOMAS II
2674,SCHWARTZ NATHAN
2675,HUBACHEK CHRISTOPHER
2676,CALDWELL MATTHEW
2677,POOLE JR JAMES H
2678,TOLMAN NEAL
2679,ROBERTS TYLER
2680,STEWART KEVIN
2681,HARGUS NATHAN
2682,ANSTINE NATHAN
2683,DAVIS CHRISTOPHER
2684,CASUCCIO PETER
2685,FRAZER ERINN
2686,MURRAY MARK
2687,JALLAQ OTTA
2688,EVANS DEANA R
2689,SHAFFNER RICHARD
2690,HOWARD NATHAN L
2691,WARD JEFFREY
2692,INGLES ELIZABETH A
2693,DONALDSON RICHARD
2694,MAIER CORY
2695,HUBBELL JEREMY
2696,GREENING HALEY
2697,SMITH JORDAN L
2698,SPRINGER DONALD
2699,SANDS NICHOLAS
2700,LYONS RANDALL
2701,COOK BENJAMIN H
2702,HARMON CARL
2703,CHUNG EDWARD
2704,REFFITT DENISE R
2705,LAZAR STEPHEN
2706,POWELL NICHOLAS
2707,REAPER NICHOLAS
2708,MANCINI NICOLE
2709,BOLOG BRAD
2710,ANDERSON MATTHEW
2711,BYRD AUSTIN
2712,BANKS ADAM
2713,CLEMMER MICHAEL
2714,HICKS TYLER
2715,HETZEL NICHOLAS
2716,JONES COLIN
2717,THATCHER BRIAN K
2718,SALSGIVER JOEY E
2719,URIOSTEGUI VINCENTE
2720,MOREFIELD LEVON
2721,STEVENS KEITH D
2722,SPARHAWK SHAWN
2723,BETTS CHRISTOPHER
2724,CURMODE JOSEPH C III
2725,JOHNSON EMILY K
2726,HUSBAND KIARA N
2727,WOLFE JONATHAN
2728,SWEENY BRIAN
2729,FOGLE ANDREW
2730,BIGGERS CHRISTOPHER
2731,TELLIS MELVIN R
2732,URLAUB JOSHUA
2733,LINCOLN JEFFREY
2734,BUCK JOSHUA
2735,DAVIDSON LEAH
2736,VELAS JACOB A
2737,SCHWARTZ DAVID
2738,LADIPO ELIJAH
2739,NANCE SUSANNA L
2740,RANDALL JARED
2741,SELHORST JAMES C
2742,WAGNER CHRISTOPHER T
2743,HALL FRANK
2744,LOVEJOY CHARLES
2745,AKPALO SERGE
2746,DURR ANDREW
2747,SCARPITTI DAVID A
2748,EVANS KYLE
2749,DEYARMAN EMILY
2750,CLEPPER MICHAEL
2751,BRIGNER SAMANTHA
2752,ROSE RAYMOND
2753,WOLF MARK
2754,WORLEY MATTHEW
2755,OHL PAUL R
2756,GRISWOLD DAVID
2757,DOBNEY JOEL
